source_file,file_name,class_name
sitemap_p_1280000_1319999.xml,1280000.jpg,Tug
sitemap_p_1280000_1319999.xml,1280001.jpg,Oil Products Tanker
sitemap_p_1280000_1319999.xml,1280002.jpg,Gerolf Drebes [ View profile ]
sitemap_p_1280000_1319999.xml,1280004.jpg,Bulk Carrier
sitemap_p_1280000_1319999.xml,1280005.jpg,Oil Products Tanker
sitemap_p_1280000_1319999.xml,1280006.jpg,Ro-ro/passenger Ship
sitemap_p_1280000_1319999.xml,1280007.jpg,Ro-ro Cargo
sitemap_p_1280000_1319999.xml,1280008.jpg,General Cargo
sitemap_p_1280000_1319999.xml,1280009.jpg,Self Discharging Bulk Carrier
sitemap_p_1280000_1319999.xml,1280010.jpg,Container Ship
sitemap_p_1280000_1319999.xml,1280011.jpg,Bulk Carrier
sitemap_p_1240000_1279999.xml,1240001.jpg,Container Ship
sitemap_p_1240000_1279999.xml,1240003.jpg,Container Ship
sitemap_p_1240000_1279999.xml,1240004.jpg,General Cargo
sitemap_p_1240000_1279999.xml,1240005.jpg,Bulk Carrier
sitemap_p_1240000_1279999.xml,1240006.jpg,Ro-ro Cargo
sitemap_p_1240000_1279999.xml,1240007.jpg,Bunkering Tanker
sitemap_p_1240000_1279999.xml,1240008.jpg,Oil/chemical Tanker
sitemap_p_1240000_1279999.xml,1240009.jpg,Bulk Carrier
sitemap_p_1240000_1279999.xml,1240010.jpg,Container Ship
sitemap_p_1240000_1279999.xml,1240011.jpg,Oil/chemical Tanker
sitemap_p_1240000_1279999.xml,1240012.jpg,Malcolm Cranfield [ View profile ]
sitemap_p_120000_159999.xml,120000.jpg,Bulk Carrier
sitemap_p_120000_159999.xml,120002.jpg,Bulk Carrier
sitemap_p_120000_159999.xml,120003.jpg,Bulk Carrier
sitemap_p_120000_159999.xml,120004.jpg,Bulk Carrier
sitemap_p_120000_159999.xml,120005.jpg,Bulk Carrier
sitemap_p_120000_159999.xml,120009.jpg,Passengers Ship
sitemap_p_120000_159999.xml,120011.jpg,Cpt. Lawrence Dalli [ View profile ]
sitemap_p_120000_159999.xml,120015.jpg,Offshore Supply Ship
sitemap_p_120000_159999.xml,120016.jpg,Cpt. Lawrence Dalli [ View profile ]
sitemap_p_120000_159999.xml,120017.jpg,General Cargo
sitemap_p_120000_159999.xml,120018.jpg,Cpt. Lawrence Dalli [ View profile ]
sitemap_p_1200000_1239999.xml,1200000.jpg,Tug
sitemap_p_1200000_1239999.xml,1200001.jpg,Tor Erlend Gj [ View profile ]
